{"actual":6.729180198584431,"expectedInHours":12.2325,"difference":5.503319801415569}